<?xml version="1.0" encoding="utf-8"?>
<odoo>
    <data noupdate="1">

       <record id="stock_locator_config_setting_1" model="website.store.locator.settings">
            <field name="name">Default Locator Setting</field>
            <field name="is_active">True</field>
        </record>

        <record id="menu_store_locator" model="website.menu">
            <field name="name">Store Locator</field>
            <field name="url">/store/locator</field>
            <field name="parent_id" ref="website.main_menu"/>
            <field name="sequence" type="int">21</field>
        </record>
        
    </data>
</odoo>